<annotation>
	<folder>images</folder>
	<filename>CBL_FQ2_21_20.bmp</filename>
	<path>/media/faurecia/Seagate Backup Plus Drive/Untitled Folder 2/images/CBL_FQ2_21_20.bmp</path>
	<source>
		<database>Unknown</database>
	</source>
	<size>
		<width>2590</width>
		<height>1942</height>
		<depth>3</depth>
	</size>
	<segmented>0</segmented>
	<object>
		<name>dust</name>
		<pose>Unspecified</pose>
		<truncated>0</truncated>
		<difficult>0</difficult>
		<bndbox>
			<xmin>1242</xmin>
			<ymin>1550</ymin>
			<xmax>1289</xmax>
			<ymax>1602</ymax>
		</bndbox>
	</object>
	<object>
		<name>bubble</name>
		<pose>Unspecified</pose>
		<truncated>0</truncated>
		<difficult>0</difficult>
		<bndbox>
			<xmin>837</xmin>
			<ymin>1146</ymin>
			<xmax>904</xmax>
			<ymax>1212</ymax>
		</bndbox>
	</object>
</annotation>
