<annotation>
	<folder>JAI_GLOSS_TRAIN</folder>
	<filename>CBL_FS3_1020_178.bmp</filename>
	<path>F:\JAI_GLOSS_TRAIN\CBL_FS3_1020_178.bmp</path>
	<source>
		<database>Unknown</database>
	</source>
	<size>
		<width>2590</width>
		<height>1942</height>
		<depth>3</depth>
	</size>
	<segmented>0</segmented>
	<object>
		<name>handling</name>
		<pose>Unspecified</pose>
		<truncated>0</truncated>
		<difficult>0</difficult>
		<bndbox>
			<xmin>785</xmin>
			<ymin>1069</ymin>
			<xmax>965</xmax>
			<ymax>1177</ymax>
		</bndbox>
	</object>
	<object>
		<name>handling</name>
		<pose>Unspecified</pose>
		<truncated>0</truncated>
		<difficult>0</difficult>
		<bndbox>
			<xmin>1030</xmin>
			<ymin>1191</ymin>
			<xmax>1177</xmax>
			<ymax>1311</ymax>
		</bndbox>
	</object>
</annotation>
