<annotation>
	<folder>day3</folder>
	<filename>CBL_FQ2_10_161.bmp</filename>
	<path>/media/faurecia/UBUNTU STORAGE/GLOSS_TRAIN_PRABHANJAN/day3/CBL_FQ2_10_161.bmp</path>
	<source>
		<database>Unknown</database>
	</source>
	<size>
		<width>2590</width>
		<height>1942</height>
		<depth>3</depth>
	</size>
	<segmented>0</segmented>
	<object>
		<name>scratch</name>
		<pose>Unspecified</pose>
		<truncated>0</truncated>
		<difficult>0</difficult>
		<bndbox>
			<xmin>124</xmin>
			<ymin>1376</ymin>
			<xmax>235</xmax>
			<ymax>1484</ymax>
		</bndbox>
	</object>
	<object>
		<name>dust</name>
		<pose>Unspecified</pose>
		<truncated>0</truncated>
		<difficult>0</difficult>
		<bndbox>
			<xmin>895</xmin>
			<ymin>1057</ymin>
			<xmax>973</xmax>
			<ymax>1133</ymax>
		</bndbox>
	</object>
</annotation>
