<annotation>
	<folder>DAY 2</folder>
	<filename>CBL_FS3_1016_70.bmp</filename>
	<path>/home/faurecia/FAQT-retinanet/combined_annotated_dont_delete/gloss_new/ANISH_GLOSS_TRAIN/DAY 2/CBL_FS3_1016_70.bmp</path>
	<source>
		<database>Unknown</database>
	</source>
	<size>
		<width>2590</width>
		<height>1942</height>
		<depth>3</depth>
	</size>
	<segmented>0</segmented>
	<object>
		<name>scratch</name>
		<pose>Unspecified</pose>
		<truncated>0</truncated>
		<difficult>0</difficult>
		<bndbox>
			<xmin>1778</xmin>
			<ymin>996</ymin>
			<xmax>1948</xmax>
			<ymax>1174</ymax>
		</bndbox>
	</object>
</annotation>
