<annotation>
	<folder>JAI_GLOSS_TRAIN</folder>
	<filename>CBL_FS3_1020_171.bmp</filename>
	<path>F:\JAI_GLOSS_TRAIN\CBL_FS3_1020_171.bmp</path>
	<source>
		<database>Unknown</database>
	</source>
	<size>
		<width>2590</width>
		<height>1942</height>
		<depth>3</depth>
	</size>
	<segmented>0</segmented>
	<object>
		<name>handling</name>
		<pose>Unspecified</pose>
		<truncated>0</truncated>
		<difficult>0</difficult>
		<bndbox>
			<xmin>2058</xmin>
			<ymin>271</ymin>
			<xmax>2197</xmax>
			<ymax>526</ymax>
		</bndbox>
	</object>
	<object>
		<name>handling</name>
		<pose>Unspecified</pose>
		<truncated>0</truncated>
		<difficult>0</difficult>
		<bndbox>
			<xmin>2007</xmin>
			<ymin>548</ymin>
			<xmax>2109</xmax>
			<ymax>669</ymax>
		</bndbox>
	</object>
</annotation>
