<annotation>
	<folder>images</folder>
	<filename>CBL_FQ2_12_109.bmp</filename>
	<path>/media/faurecia/Seagate Backup Plus Drive/Untitled Folder 2/images/CBL_FQ2_12_109.bmp</path>
	<source>
		<database>Unknown</database>
	</source>
	<size>
		<width>2590</width>
		<height>1942</height>
		<depth>3</depth>
	</size>
	<segmented>0</segmented>
	<object>
		<name>handling</name>
		<pose>Unspecified</pose>
		<truncated>0</truncated>
		<difficult>0</difficult>
		<bndbox>
			<xmin>689</xmin>
			<ymin>1053</ymin>
			<xmax>916</xmax>
			<ymax>1280</ymax>
		</bndbox>
	</object>
</annotation>
