<annotation>
	<folder>images</folder>
	<filename>CBL_FQ2_12_150.bmp</filename>
	<path>/media/faurecia/Seagate Backup Plus Drive/Untitled Folder 2/images/CBL_FQ2_12_150.bmp</path>
	<source>
		<database>Unknown</database>
	</source>
	<size>
		<width>2590</width>
		<height>1942</height>
		<depth>3</depth>
	</size>
	<segmented>0</segmented>
	<object>
		<name>scratch</name>
		<pose>Unspecified</pose>
		<truncated>0</truncated>
		<difficult>0</difficult>
		<bndbox>
			<xmin>384</xmin>
			<ymin>1422</ymin>
			<xmax>529</xmax>
			<ymax>1555</ymax>
		</bndbox>
	</object>
	<object>
		<name>scratch</name>
		<pose>Unspecified</pose>
		<truncated>0</truncated>
		<difficult>0</difficult>
		<bndbox>
			<xmin>572</xmin>
			<ymin>1407</ymin>
			<xmax>715</xmax>
			<ymax>1549</ymax>
		</bndbox>
	</object>
	<object>
		<name>scratch</name>
		<pose>Unspecified</pose>
		<truncated>0</truncated>
		<difficult>0</difficult>
		<bndbox>
			<xmin>731</xmin>
			<ymin>1466</ymin>
			<xmax>893</xmax>
			<ymax>1590</ymax>
		</bndbox>
	</object>
	<object>
		<name>dust</name>
		<pose>Unspecified</pose>
		<truncated>0</truncated>
		<difficult>0</difficult>
		<bndbox>
			<xmin>1033</xmin>
			<ymin>1105</ymin>
			<xmax>1105</xmax>
			<ymax>1169</ymax>
		</bndbox>
	</object>
	<object>
		<name>dust</name>
		<pose>Unspecified</pose>
		<truncated>0</truncated>
		<difficult>0</difficult>
		<bndbox>
			<xmin>1394</xmin>
			<ymin>1079</ymin>
			<xmax>1516</xmax>
			<ymax>1168</ymax>
		</bndbox>
	</object>
</annotation>
