<annotation>
	<folder>DAY 2</folder>
	<filename>CBL_FS3_1001_98.bmp</filename>
	<path>/home/faurecia/FAQT-retinanet/combined_annotated_dont_delete/gloss_new/ANISH_GLOSS_TRAIN/DAY 2/CBL_FS3_1001_98.bmp</path>
	<source>
		<database>Unknown</database>
	</source>
	<size>
		<width>2590</width>
		<height>1942</height>
		<depth>3</depth>
	</size>
	<segmented>0</segmented>
	<object>
		<name>dust</name>
		<pose>Unspecified</pose>
		<truncated>0</truncated>
		<difficult>0</difficult>
		<bndbox>
			<xmin>721</xmin>
			<ymin>39</ymin>
			<xmax>795</xmax>
			<ymax>118</ymax>
		</bndbox>
	</object>
	<object>
		<name>scratch</name>
		<pose>Unspecified</pose>
		<truncated>0</truncated>
		<difficult>0</difficult>
		<bndbox>
			<xmin>897</xmin>
			<ymin>1224</ymin>
			<xmax>1067</xmax>
			<ymax>1428</ymax>
		</bndbox>
	</object>
</annotation>
