<annotation>
	<folder>jaikishan</folder>
	<filename>CBL_FS3_1003_6.bmp</filename>
	<path>F:\JAI_GLOSS_TRAIN\DAY 2\jaikishan\CBL_FS3_1003_6.bmp</path>
	<source>
		<database>Unknown</database>
	</source>
	<size>
		<width>2590</width>
		<height>1942</height>
		<depth>3</depth>
	</size>
	<segmented>0</segmented>
	<object>
		<name>handling</name>
		<pose>Unspecified</pose>
		<truncated>0</truncated>
		<difficult>0</difficult>
		<bndbox>
			<xmin>2364</xmin>
			<ymin>1373</ymin>
			<xmax>2408</xmax>
			<ymax>1439</ymax>
		</bndbox>
	</object>
</annotation>
