<annotation>
	<folder>images</folder>
	<filename>CBL_FQ2_9_150.bmp</filename>
	<path>/media/faurecia/Seagate Backup Plus Drive/Untitled Folder 2/images/CBL_FQ2_9_150.bmp</path>
	<source>
		<database>Unknown</database>
	</source>
	<size>
		<width>2590</width>
		<height>1942</height>
		<depth>3</depth>
	</size>
	<segmented>0</segmented>
	<object>
		<name>overspray</name>
		<pose>Unspecified</pose>
		<truncated>0</truncated>
		<difficult>0</difficult>
		<bndbox>
			<xmin>1578</xmin>
			<ymin>1174</ymin>
			<xmax>1647</xmax>
			<ymax>1247</ymax>
		</bndbox>
	</object>
	<object>
		<name>overspray</name>
		<pose>Unspecified</pose>
		<truncated>0</truncated>
		<difficult>0</difficult>
		<bndbox>
			<xmin>1510</xmin>
			<ymin>1185</ymin>
			<xmax>1576</xmax>
			<ymax>1252</ymax>
		</bndbox>
	</object>
	<object>
		<name>dust</name>
		<pose>Unspecified</pose>
		<truncated>0</truncated>
		<difficult>0</difficult>
		<bndbox>
			<xmin>1076</xmin>
			<ymin>1172</ymin>
			<xmax>1138</xmax>
			<ymax>1213</ymax>
		</bndbox>
	</object>
	<object>
		<name>other</name>
		<pose>Unspecified</pose>
		<truncated>0</truncated>
		<difficult>0</difficult>
		<bndbox>
			<xmin>1441</xmin>
			<ymin>1172</ymin>
			<xmax>1499</xmax>
			<ymax>1227</ymax>
		</bndbox>
	</object>
</annotation>
