<annotation>
	<folder>combined_good</folder>
	<filename>CBL_FQ2_12_121.bmp</filename>
	<path>/home/faurecia/FAQT-retinanet/esri_retinanet/val_images/combined/combined_good/CBL_FQ2_12_121.bmp</path>
	<source>
		<database>Unknown</database>
	</source>
	<size>
		<width>2590</width>
		<height>1942</height>
		<depth>3</depth>
	</size>
	<segmented>0</segmented>
	<object>
		<name>scratch</name>
		<pose>Unspecified</pose>
		<truncated>0</truncated>
		<difficult>0</difficult>
		<bndbox>
			<xmin>335</xmin>
			<ymin>1233</ymin>
			<xmax>437</xmax>
			<ymax>1294</ymax>
		</bndbox>
	</object>
</annotation>
