<annotation>
	<folder>DAY 2</folder>
	<filename>CBL_FQ2_21_22.bmp</filename>
	<path>F:\JAI_GLOSS_TRAIN\DAY 2\CBL_FQ2_21_22.bmp</path>
	<source>
		<database>Unknown</database>
	</source>
	<size>
		<width>2590</width>
		<height>1942</height>
		<depth>3</depth>
	</size>
	<segmented>0</segmented>
	<object>
		<name>dust</name>
		<pose>Unspecified</pose>
		<truncated>0</truncated>
		<difficult>0</difficult>
		<bndbox>
			<xmin>1104</xmin>
			<ymin>1527</ymin>
			<xmax>1160</xmax>
			<ymax>1583</ymax>
		</bndbox>
	</object>
	<object>
		<name>bubble</name>
		<pose>Unspecified</pose>
		<truncated>0</truncated>
		<difficult>0</difficult>
		<bndbox>
			<xmin>748</xmin>
			<ymin>1127</ymin>
			<xmax>808</xmax>
			<ymax>1183</ymax>
		</bndbox>
	</object>
</annotation>
