<annotation>
	<folder>JAI_GLOSS_TRAIN</folder>
	<filename>CBL_FS3_1104_33.bmp</filename>
	<path>F:\JAI_GLOSS_TRAIN\CBL_FS3_1104_33.bmp</path>
	<source>
		<database>Unknown</database>
	</source>
	<size>
		<width>2590</width>
		<height>1942</height>
		<depth>3</depth>
	</size>
	<segmented>0</segmented>
	<object>
		<name>scratch</name>
		<pose>Unspecified</pose>
		<truncated>0</truncated>
		<difficult>0</difficult>
		<bndbox>
			<xmin>529</xmin>
			<ymin>1087</ymin>
			<xmax>662</xmax>
			<ymax>1166</ymax>
		</bndbox>
	</object>
</annotation>
