<annotation>
	<folder>images</folder>
	<filename>CBL_FS3_1105_25.bmp</filename>
	<path>/home/faurecia/FAQT-retinanet/combined_annotated_dont_delete/combined_voc_format_21-08-19/images/CBL_FS3_1105_25.bmp</path>
	<source>
		<database>Unknown</database>
	</source>
	<size>
		<width>2590</width>
		<height>1942</height>
		<depth>3</depth>
	</size>
	<segmented>0</segmented>
	<object>
		<name>dust</name>
		<pose>Unspecified</pose>
		<truncated>0</truncated>
		<difficult>0</difficult>
		<bndbox>
			<xmin>863</xmin>
			<ymin>1077</ymin>
			<xmax>941</xmax>
			<ymax>1151</ymax>
		</bndbox>
	</object>
	<object>
		<name>dust</name>
		<pose>Unspecified</pose>
		<truncated>0</truncated>
		<difficult>0</difficult>
		<bndbox>
			<xmin>1630</xmin>
			<ymin>916</ymin>
			<xmax>1737</xmax>
			<ymax>1000</ymax>
		</bndbox>
	</object>
	<object>
		<name>dust</name>
		<pose>Unspecified</pose>
		<truncated>0</truncated>
		<difficult>0</difficult>
		<bndbox>
			<xmin>835</xmin>
			<ymin>1179</ymin>
			<xmax>911</xmax>
			<ymax>1259</ymax>
		</bndbox>
	</object>
	<object>
		<name>handling</name>
		<pose>Unspecified</pose>
		<truncated>0</truncated>
		<difficult>0</difficult>
		<bndbox>
			<xmin>886</xmin>
			<ymin>1219</ymin>
			<xmax>1004</xmax>
			<ymax>1316</ymax>
		</bndbox>
	</object>
</annotation>
