<annotation>
	<folder>images</folder>
	<filename>CBL_FS3_1101_96.bmp</filename>
	<path>/home/faurecia/FAQT-retinanet/combined_annotated_dont_delete/combined_voc_format_21-08-19/images/CBL_FS3_1101_96.bmp</path>
	<source>
		<database>Unknown</database>
	</source>
	<size>
		<width>2590</width>
		<height>1942</height>
		<depth>3</depth>
	</size>
	<segmented>0</segmented>
	<object>
		<name>overspray</name>
		<pose>Unspecified</pose>
		<truncated>0</truncated>
		<difficult>0</difficult>
		<bndbox>
			<xmin>978</xmin>
			<ymin>1060</ymin>
			<xmax>1114</xmax>
			<ymax>1197</ymax>
		</bndbox>
	</object>
	<object>
		<name>overspray</name>
		<pose>Unspecified</pose>
		<truncated>0</truncated>
		<difficult>0</difficult>
		<bndbox>
			<xmin>1633</xmin>
			<ymin>841</ymin>
			<xmax>1739</xmax>
			<ymax>935</ymax>
		</bndbox>
	</object>
	<object>
		<name>others</name>
		<pose>Unspecified</pose>
		<truncated>0</truncated>
		<difficult>0</difficult>
		<bndbox>
			<xmin>733</xmin>
			<ymin>1582</ymin>
			<xmax>814</xmax>
			<ymax>1640</ymax>
		</bndbox>
	</object>
</annotation>
