<annotation>
	<folder>images</folder>
	<filename>CBL_FS3_1103_5.bmp</filename>
	<path>/home/faurecia/FAQT-retinanet/combined_annotated_dont_delete/combined_voc_format_21-08-19/images/CBL_FS3_1103_5.bmp</path>
	<source>
		<database>Unknown</database>
	</source>
	<size>
		<width>2590</width>
		<height>1942</height>
		<depth>3</depth>
	</size>
	<segmented>0</segmented>
	<object>
		<name>dust</name>
		<pose>Unspecified</pose>
		<truncated>0</truncated>
		<difficult>0</difficult>
		<bndbox>
			<xmin>1210</xmin>
			<ymin>747</ymin>
			<xmax>1280</xmax>
			<ymax>796</ymax>
		</bndbox>
	</object>
	<object>
		<name>dust</name>
		<pose>Unspecified</pose>
		<truncated>0</truncated>
		<difficult>0</difficult>
		<bndbox>
			<xmin>1217</xmin>
			<ymin>802</ymin>
			<xmax>1276</xmax>
			<ymax>855</ymax>
		</bndbox>
	</object>
	<object>
		<name>handling</name>
		<pose>Unspecified</pose>
		<truncated>0</truncated>
		<difficult>0</difficult>
		<bndbox>
			<xmin>2356</xmin>
			<ymin>1414</ymin>
			<xmax>2447</xmax>
			<ymax>1513</ymax>
		</bndbox>
	</object>
	<object>
		<name>dust</name>
		<pose>Unspecified</pose>
		<truncated>0</truncated>
		<difficult>0</difficult>
		<bndbox>
			<xmin>2301</xmin>
			<ymin>1456</ymin>
			<xmax>2365</xmax>
			<ymax>1517</ymax>
		</bndbox>
	</object>
</annotation>
