<annotation>
	<folder>prabhanjan</folder>
	<filename>CBL_FS3_1014_50.bmp</filename>
	<path>/media/faurecia/UBUNTU STORAGE/GLOSS_TRAIN_PRABHANJAN/prabhanjan/CBL_FS3_1014_50.bmp</path>
	<source>
		<database>Unknown</database>
	</source>
	<size>
		<width>2590</width>
		<height>1942</height>
		<depth>3</depth>
	</size>
	<segmented>0</segmented>
	<object>
		<name>scratch</name>
		<pose>Unspecified</pose>
		<truncated>0</truncated>
		<difficult>0</difficult>
		<bndbox>
			<xmin>1250</xmin>
			<ymin>965</ymin>
			<xmax>1358</xmax>
			<ymax>1063</ymax>
		</bndbox>
	</object>
</annotation>
