<annotation>
	<folder>combined_good</folder>
	<filename>CBL_FQ2_12_148.bmp</filename>
	<path>/home/faurecia/FAQT-retinanet/esri_retinanet/val_images/combined/combined_good/CBL_FQ2_12_148.bmp</path>
	<source>
		<database>Unknown</database>
	</source>
	<size>
		<width>2590</width>
		<height>1942</height>
		<depth>3</depth>
	</size>
	<segmented>0</segmented>
	<object>
		<name>dust</name>
		<pose>Unspecified</pose>
		<truncated>0</truncated>
		<difficult>0</difficult>
		<bndbox>
			<xmin>2214</xmin>
			<ymin>1083</ymin>
			<xmax>2305</xmax>
			<ymax>1153</ymax>
		</bndbox>
	</object>
	<object>
		<name>dust</name>
		<pose>Unspecified</pose>
		<truncated>0</truncated>
		<difficult>0</difficult>
		<bndbox>
			<xmin>2008</xmin>
			<ymin>1112</ymin>
			<xmax>2077</xmax>
			<ymax>1174</ymax>
		</bndbox>
	</object>
	<object>
		<name>dust</name>
		<pose>Unspecified</pose>
		<truncated>0</truncated>
		<difficult>0</difficult>
		<bndbox>
			<xmin>1916</xmin>
			<ymin>1098</ymin>
			<xmax>1988</xmax>
			<ymax>1157</ymax>
		</bndbox>
	</object>
	<object>
		<name>scratch</name>
		<pose>Unspecified</pose>
		<truncated>0</truncated>
		<difficult>0</difficult>
		<bndbox>
			<xmin>1896</xmin>
			<ymin>1468</ymin>
			<xmax>1999</xmax>
			<ymax>1550</ymax>
		</bndbox>
	</object>
	<object>
		<name>scratch</name>
		<pose>Unspecified</pose>
		<truncated>0</truncated>
		<difficult>0</difficult>
		<bndbox>
			<xmin>1771</xmin>
			<ymin>1487</ymin>
			<xmax>1876</xmax>
			<ymax>1567</ymax>
		</bndbox>
	</object>
	<object>
		<name>scratch</name>
		<pose>Unspecified</pose>
		<truncated>0</truncated>
		<difficult>0</difficult>
		<bndbox>
			<xmin>1499</xmin>
			<ymin>1509</ymin>
			<xmax>1624</xmax>
			<ymax>1600</ymax>
		</bndbox>
	</object>
</annotation>
