<annotation>
	<folder>day3</folder>
	<filename>CBL_FQ2_17_132.bmp</filename>
	<path>/home/faurecia/FAQT-retinanet/combined_annotated_dont_delete/gloss_new/ANISH_GLOSS_TRAIN/day3/CBL_FQ2_17_132.bmp</path>
	<source>
		<database>Unknown</database>
	</source>
	<size>
		<width>2590</width>
		<height>1942</height>
		<depth>3</depth>
	</size>
	<segmented>0</segmented>
	<object>
		<name>lint</name>
		<pose>Unspecified</pose>
		<truncated>0</truncated>
		<difficult>0</difficult>
		<bndbox>
			<xmin>1189</xmin>
			<ymin>1153</ymin>
			<xmax>1372</xmax>
			<ymax>1320</ymax>
		</bndbox>
	</object>
</annotation>
