<annotation>
	<folder>DAY 2</folder>
	<filename>CBL_FS3_1001_100.bmp</filename>
	<path>/home/faurecia/FAQT-retinanet/combined_annotated_dont_delete/gloss_new/ANISH_GLOSS_TRAIN/DAY 2/CBL_FS3_1001_100.bmp</path>
	<source>
		<database>Unknown</database>
	</source>
	<size>
		<width>2590</width>
		<height>1942</height>
		<depth>3</depth>
	</size>
	<segmented>0</segmented>
	<object>
		<name>scratch</name>
		<pose>Unspecified</pose>
		<truncated>0</truncated>
		<difficult>0</difficult>
		<bndbox>
			<xmin>652</xmin>
			<ymin>1085</ymin>
			<xmax>855</xmax>
			<ymax>1305</ymax>
		</bndbox>
	</object>
</annotation>
