<annotation>
	<folder>JAI_GLOSS_TRAIN</folder>
	<filename>CBL_FS3_1020_174.bmp</filename>
	<path>F:\JAI_GLOSS_TRAIN\CBL_FS3_1020_174.bmp</path>
	<source>
		<database>Unknown</database>
	</source>
	<size>
		<width>2590</width>
		<height>1942</height>
		<depth>3</depth>
	</size>
	<segmented>0</segmented>
	<object>
		<name>handling</name>
		<pose>Unspecified</pose>
		<truncated>0</truncated>
		<difficult>0</difficult>
		<bndbox>
			<xmin>1426</xmin>
			<ymin>177</ymin>
			<xmax>1565</xmax>
			<ymax>418</ymax>
		</bndbox>
	</object>
	<object>
		<name>handling</name>
		<pose>Unspecified</pose>
		<truncated>0</truncated>
		<difficult>0</difficult>
		<bndbox>
			<xmin>1432</xmin>
			<ymin>467</ymin>
			<xmax>1532</xmax>
			<ymax>583</ymax>
		</bndbox>
	</object>
	<object>
		<name>handling</name>
		<pose>Unspecified</pose>
		<truncated>0</truncated>
		<difficult>0</difficult>
		<bndbox>
			<xmin>1385</xmin>
			<ymin>616</ymin>
			<xmax>1489</xmax>
			<ymax>795</ymax>
		</bndbox>
	</object>
</annotation>
