<annotation>
	<folder>day3</folder>
	<filename>CBL_FQ2_27_59.bmp</filename>
	<path>/home/faurecia/FAQT-retinanet/combined_annotated_dont_delete/gloss_new/ANISH_GLOSS_TRAIN/day3/CBL_FQ2_27_59.bmp</path>
	<source>
		<database>Unknown</database>
	</source>
	<size>
		<width>2590</width>
		<height>1942</height>
		<depth>3</depth>
	</size>
	<segmented>0</segmented>
	<object>
		<name>dust</name>
		<pose>Unspecified</pose>
		<truncated>0</truncated>
		<difficult>0</difficult>
		<bndbox>
			<xmin>1555</xmin>
			<ymin>1212</ymin>
			<xmax>1647</xmax>
			<ymax>1288</ymax>
		</bndbox>
	</object>
	<object>
		<name>dust</name>
		<pose>Unspecified</pose>
		<truncated>0</truncated>
		<difficult>0</difficult>
		<bndbox>
			<xmin>1423</xmin>
			<ymin>1014</ymin>
			<xmax>1512</xmax>
			<ymax>1101</ymax>
		</bndbox>
	</object>
	<object>
		<name>scratch</name>
		<pose>Unspecified</pose>
		<truncated>0</truncated>
		<difficult>0</difficult>
		<bndbox>
			<xmin>1274</xmin>
			<ymin>1063</ymin>
			<xmax>1372</xmax>
			<ymax>1146</ymax>
		</bndbox>
	</object>
</annotation>
