<annotation>
	<folder>3376-half</folder>
	<filename>CBL_FQ2_9_145.bmp</filename>
	<path>F:\JAI_GLOSS_TRAIN\3376-half\CBL_FQ2_9_145.bmp</path>
	<source>
		<database>Unknown</database>
	</source>
	<size>
		<width>2590</width>
		<height>1942</height>
		<depth>3</depth>
	</size>
	<segmented>0</segmented>
	<object>
		<name>handling</name>
		<pose>Unspecified</pose>
		<truncated>0</truncated>
		<difficult>0</difficult>
		<bndbox>
			<xmin>1254</xmin>
			<ymin>1489</ymin>
			<xmax>1325</xmax>
			<ymax>1552</ymax>
		</bndbox>
	</object>
</annotation>
