<annotation>
	<folder>day3</folder>
	<filename>CBL_FS3_1019_154.bmp</filename>
	<path>/home/faurecia/FAQT-retinanet/combined_annotated_dont_delete/gloss_new/ANISH_GLOSS_TRAIN/day3/CBL_FS3_1019_154.bmp</path>
	<source>
		<database>Unknown</database>
	</source>
	<size>
		<width>2590</width>
		<height>1942</height>
		<depth>3</depth>
	</size>
	<segmented>0</segmented>
	<object>
		<name>handling</name>
		<pose>Unspecified</pose>
		<truncated>0</truncated>
		<difficult>0</difficult>
		<bndbox>
			<xmin>650</xmin>
			<ymin>1015</ymin>
			<xmax>862</xmax>
			<ymax>1176</ymax>
		</bndbox>
	</object>
</annotation>
