<annotation>
	<folder>combined_good</folder>
	<filename>CBL_FQ2_12_26.bmp</filename>
	<path>/home/faurecia/FAQT-retinanet/esri_retinanet/val_images/combined/combined_good/CBL_FQ2_12_26.bmp</path>
	<source>
		<database>Unknown</database>
	</source>
	<size>
		<width>2590</width>
		<height>1942</height>
		<depth>3</depth>
	</size>
	<segmented>0</segmented>
	<object>
		<name>dust</name>
		<pose>Unspecified</pose>
		<truncated>0</truncated>
		<difficult>0</difficult>
		<bndbox>
			<xmin>337</xmin>
			<ymin>1151</ymin>
			<xmax>447</xmax>
			<ymax>1259</ymax>
		</bndbox>
	</object>
	<object>
		<name>lint</name>
		<pose>Unspecified</pose>
		<truncated>0</truncated>
		<difficult>0</difficult>
		<bndbox>
			<xmin>1161</xmin>
			<ymin>1188</ymin>
			<xmax>1293</xmax>
			<ymax>1286</ymax>
		</bndbox>
	</object>
</annotation>
