<annotation>
	<folder>images</folder>
	<filename>CBL_FS3_1101_95.bmp</filename>
	<path>/home/faurecia/FAQT-retinanet/combined_annotated_dont_delete/combined_voc_format_21-08-19/images/CBL_FS3_1101_95.bmp</path>
	<source>
		<database>Unknown</database>
	</source>
	<size>
		<width>2590</width>
		<height>1942</height>
		<depth>3</depth>
	</size>
	<segmented>0</segmented>
	<object>
		<name>overspray</name>
		<pose>Unspecified</pose>
		<truncated>0</truncated>
		<difficult>0</difficult>
		<bndbox>
			<xmin>778</xmin>
			<ymin>1269</ymin>
			<xmax>927</xmax>
			<ymax>1400</ymax>
		</bndbox>
	</object>
	<object>
		<name>overspray</name>
		<pose>Unspecified</pose>
		<truncated>0</truncated>
		<difficult>0</difficult>
		<bndbox>
			<xmin>1449</xmin>
			<ymin>1173</ymin>
			<xmax>1609</xmax>
			<ymax>1275</ymax>
		</bndbox>
	</object>
	<object>
		<name>others</name>
		<pose>Unspecified</pose>
		<truncated>0</truncated>
		<difficult>0</difficult>
		<bndbox>
			<xmin>438</xmin>
			<ymin>1716</ymin>
			<xmax>531</xmax>
			<ymax>1795</ymax>
		</bndbox>
	</object>
</annotation>
