<annotation>
	<folder>images</folder>
	<filename>CBL_FQ2_10_44.bmp</filename>
	<path>/media/faurecia/Seagate Backup Plus Drive/Untitled Folder 2/images/CBL_FQ2_10_44.bmp</path>
	<source>
		<database>Unknown</database>
	</source>
	<size>
		<width>2590</width>
		<height>1942</height>
		<depth>3</depth>
	</size>
	<segmented>0</segmented>
	<object>
		<name>lint</name>
		<pose>Unspecified</pose>
		<truncated>0</truncated>
		<difficult>0</difficult>
		<bndbox>
			<xmin>2448</xmin>
			<ymin>1293</ymin>
			<xmax>2525</xmax>
			<ymax>1348</ymax>
		</bndbox>
	</object>
	<object>
		<name>lint</name>
		<pose>Unspecified</pose>
		<truncated>0</truncated>
		<difficult>0</difficult>
		<bndbox>
			<xmin>1781</xmin>
			<ymin>1275</ymin>
			<xmax>1832</xmax>
			<ymax>1353</ymax>
		</bndbox>
	</object>
</annotation>
