<annotation>
	<folder>day3</folder>
	<filename>CBL_FQ2_19_65.bmp</filename>
	<path>/media/faurecia/UBUNTU STORAGE/GLOSS_TRAIN_PRABHANJAN/day3/CBL_FQ2_19_65.bmp</path>
	<source>
		<database>Unknown</database>
	</source>
	<size>
		<width>2590</width>
		<height>1942</height>
		<depth>3</depth>
	</size>
	<segmented>0</segmented>
	<object>
		<name>overspray</name>
		<pose>Unspecified</pose>
		<truncated>0</truncated>
		<difficult>0</difficult>
		<bndbox>
			<xmin>1639</xmin>
			<ymin>1495</ymin>
			<xmax>1739</xmax>
			<ymax>1593</ymax>
		</bndbox>
	</object>
	<object>
		<name>overspray</name>
		<pose>Unspecified</pose>
		<truncated>0</truncated>
		<difficult>0</difficult>
		<bndbox>
			<xmin>1864</xmin>
			<ymin>1471</ymin>
			<xmax>1970</xmax>
			<ymax>1566</ymax>
		</bndbox>
	</object>
</annotation>
