<annotation>
	<folder>annotated new</folder>
	<filename>CBL_FS3_1100_36.bmp</filename>
	<path>/media/faurecia/UBUNTU STORAGE/28Mar2019/new/defected new/annotated new/CBL_FS3_1100_36.bmp</path>
	<source>
		<database>Unknown</database>
	</source>
	<size>
		<width>2590</width>
		<height>1942</height>
		<depth>3</depth>
	</size>
	<segmented>0</segmented>
	<object>
		<name>overspray</name>
		<pose>Unspecified</pose>
		<truncated>0</truncated>
		<difficult>0</difficult>
		<bndbox>
			<xmin>627</xmin>
			<ymin>839</ymin>
			<xmax>746</xmax>
			<ymax>910</ymax>
		</bndbox>
	</object>
	<object>
		<name>others</name>
		<pose>Unspecified</pose>
		<truncated>0</truncated>
		<difficult>0</difficult>
		<bndbox>
			<xmin>1836</xmin>
			<ymin>1473</ymin>
			<xmax>1899</xmax>
			<ymax>1529</ymax>
		</bndbox>
	</object>
</annotation>
