<annotation>
	<folder>DAY 2</folder>
	<filename>CBL_FQ2_21_40.bmp</filename>
	<path>F:\JAI_GLOSS_TRAIN\DAY 2\CBL_FQ2_21_40.bmp</path>
	<source>
		<database>Unknown</database>
	</source>
	<size>
		<width>2590</width>
		<height>1942</height>
		<depth>3</depth>
	</size>
	<segmented>0</segmented>
	<object>
		<name>scratch</name>
		<pose>Unspecified</pose>
		<truncated>0</truncated>
		<difficult>0</difficult>
		<bndbox>
			<xmin>1779</xmin>
			<ymin>1283</ymin>
			<xmax>1842</xmax>
			<ymax>1371</ymax>
		</bndbox>
	</object>
</annotation>
