<annotation>
	<folder>images</folder>
	<filename>CBL_FQ2_12_27.bmp</filename>
	<path>/media/faurecia/Seagate Backup Plus Drive/Untitled Folder 2/images/CBL_FQ2_12_27.bmp</path>
	<source>
		<database>Unknown</database>
	</source>
	<size>
		<width>2590</width>
		<height>1942</height>
		<depth>3</depth>
	</size>
	<segmented>0</segmented>
	<object>
		<name>lint</name>
		<pose>Unspecified</pose>
		<truncated>0</truncated>
		<difficult>0</difficult>
		<bndbox>
			<xmin>789</xmin>
			<ymin>1182</ymin>
			<xmax>910</xmax>
			<ymax>1288</ymax>
		</bndbox>
	</object>
	<object>
		<name>dust</name>
		<pose>Unspecified</pose>
		<truncated>1</truncated>
		<difficult>0</difficult>
		<bndbox>
			<xmin>1</xmin>
			<ymin>1141</ymin>
			<xmax>61</xmax>
			<ymax>1225</ymax>
		</bndbox>
	</object>
</annotation>
