<annotation>
	<folder>DAY 2</folder>
	<filename>CBL_FQ2_21_21.bmp</filename>
	<path>F:\JAI_GLOSS_TRAIN\DAY 2\CBL_FQ2_21_21.bmp</path>
	<source>
		<database>Unknown</database>
	</source>
	<size>
		<width>2590</width>
		<height>1942</height>
		<depth>3</depth>
	</size>
	<segmented>0</segmented>
	<object>
		<name>dust</name>
		<pose>Unspecified</pose>
		<truncated>0</truncated>
		<difficult>0</difficult>
		<bndbox>
			<xmin>1200</xmin>
			<ymin>1535</ymin>
			<xmax>1248</xmax>
			<ymax>1598</ymax>
		</bndbox>
	</object>
	<object>
		<name>bubble</name>
		<pose>Unspecified</pose>
		<truncated>0</truncated>
		<difficult>0</difficult>
		<bndbox>
			<xmin>819</xmin>
			<ymin>1137</ymin>
			<xmax>877</xmax>
			<ymax>1200</ymax>
		</bndbox>
	</object>
</annotation>
