<annotation>
	<folder>JAI_GLOSS_TRAIN</folder>
	<filename>CBL_FS3_1104_31.bmp</filename>
	<path>F:\JAI_GLOSS_TRAIN\CBL_FS3_1104_31.bmp</path>
	<source>
		<database>Unknown</database>
	</source>
	<size>
		<width>2590</width>
		<height>1942</height>
		<depth>3</depth>
	</size>
	<segmented>0</segmented>
	<object>
		<name>scratch</name>
		<pose>Unspecified</pose>
		<truncated>0</truncated>
		<difficult>0</difficult>
		<bndbox>
			<xmin>616</xmin>
			<ymin>1241</ymin>
			<xmax>814</xmax>
			<ymax>1323</ymax>
		</bndbox>
	</object>
</annotation>
