<annotation>
	<folder>combined_good</folder>
	<filename>CBL_FQ2_12_102.bmp</filename>
	<path>/home/faurecia/FAQT-retinanet/esri_retinanet/val_images/combined/combined_good/CBL_FQ2_12_102.bmp</path>
	<source>
		<database>Unknown</database>
	</source>
	<size>
		<width>2590</width>
		<height>1942</height>
		<depth>3</depth>
	</size>
	<segmented>0</segmented>
	<object>
		<name>handling</name>
		<pose>Unspecified</pose>
		<truncated>0</truncated>
		<difficult>0</difficult>
		<bndbox>
			<xmin>1851</xmin>
			<ymin>1043</ymin>
			<xmax>2143</xmax>
			<ymax>1209</ymax>
		</bndbox>
	</object>
	<object>
		<name>scratch</name>
		<pose>Unspecified</pose>
		<truncated>0</truncated>
		<difficult>0</difficult>
		<bndbox>
			<xmin>1703</xmin>
			<ymin>1072</ymin>
			<xmax>1830</xmax>
			<ymax>1177</ymax>
		</bndbox>
	</object>
	<object>
		<name>handling</name>
		<pose>Unspecified</pose>
		<truncated>0</truncated>
		<difficult>0</difficult>
		<bndbox>
			<xmin>1393</xmin>
			<ymin>980</ymin>
			<xmax>1572</xmax>
			<ymax>1120</ymax>
		</bndbox>
	</object>
</annotation>
