<annotation>
	<folder>JAI_GLOSS_TRAIN</folder>
	<filename>CBL_FS3_1020_4.bmp</filename>
	<path>F:\JAI_GLOSS_TRAIN\CBL_FS3_1020_4.bmp</path>
	<source>
		<database>Unknown</database>
	</source>
	<size>
		<width>2590</width>
		<height>1942</height>
		<depth>3</depth>
	</size>
	<segmented>0</segmented>
	<object>
		<name>moulding</name>
		<pose>Unspecified</pose>
		<truncated>0</truncated>
		<difficult>0</difficult>
		<bndbox>
			<xmin>2230</xmin>
			<ymin>1252</ymin>
			<xmax>2387</xmax>
			<ymax>1407</ymax>
		</bndbox>
	</object>
</annotation>
