<annotation>
	<folder>images</folder>
	<filename>CBL_FS3_1103_6.bmp</filename>
	<path>/home/faurecia/FAQT-retinanet/combined_annotated_dont_delete/combined_voc_format_21-08-19/images/CBL_FS3_1103_6.bmp</path>
	<source>
		<database>Unknown</database>
	</source>
	<size>
		<width>2590</width>
		<height>1942</height>
		<depth>3</depth>
	</size>
	<segmented>0</segmented>
	<object>
		<name>overspray</name>
		<pose>Unspecified</pose>
		<truncated>0</truncated>
		<difficult>0</difficult>
		<bndbox>
			<xmin>842</xmin>
			<ymin>818</ymin>
			<xmax>936</xmax>
			<ymax>880</ymax>
		</bndbox>
	</object>
	<object>
		<name>overspray</name>
		<pose>Unspecified</pose>
		<truncated>0</truncated>
		<difficult>0</difficult>
		<bndbox>
			<xmin>586</xmin>
			<ymin>835</ymin>
			<xmax>710</xmax>
			<ymax>905</ymax>
		</bndbox>
	</object>
	<object>
		<name>overspray</name>
		<pose>Unspecified</pose>
		<truncated>0</truncated>
		<difficult>0</difficult>
		<bndbox>
			<xmin>988</xmin>
			<ymin>793</ymin>
			<xmax>1050</xmax>
			<ymax>848</ymax>
		</bndbox>
	</object>
	<object>
		<name>scratch</name>
		<pose>Unspecified</pose>
		<truncated>0</truncated>
		<difficult>0</difficult>
		<bndbox>
			<xmin>944</xmin>
			<ymin>857</ymin>
			<xmax>995</xmax>
			<ymax>891</ymax>
		</bndbox>
	</object>
	<object>
		<name>dust</name>
		<pose>Unspecified</pose>
		<truncated>0</truncated>
		<difficult>0</difficult>
		<bndbox>
			<xmin>951</xmin>
			<ymin>902</ymin>
			<xmax>1004</xmax>
			<ymax>946</ymax>
		</bndbox>
	</object>
	<object>
		<name>handling</name>
		<pose>Unspecified</pose>
		<truncated>0</truncated>
		<difficult>0</difficult>
		<bndbox>
			<xmin>2146</xmin>
			<ymin>1430</ymin>
			<xmax>2213</xmax>
			<ymax>1502</ymax>
		</bndbox>
	</object>
	<object>
		<name>dust</name>
		<pose>Unspecified</pose>
		<truncated>0</truncated>
		<difficult>0</difficult>
		<bndbox>
			<xmin>2085</xmin>
			<ymin>1467</ymin>
			<xmax>2144</xmax>
			<ymax>1517</ymax>
		</bndbox>
	</object>
	<object>
		<name>moulding</name>
		<pose>Unspecified</pose>
		<truncated>0</truncated>
		<difficult>0</difficult>
		<bndbox>
			<xmin>1995</xmin>
			<ymin>1354</ymin>
			<xmax>2081</xmax>
			<ymax>1448</ymax>
		</bndbox>
	</object>
</annotation>
