<annotation>
	<folder>ANISH_GLOSS_TRAIN</folder>
	<filename>CBL_FS3_1004_8.bmp</filename>
	<path>/home/faurecia/FAQT-retinanet/combined_annotated_dont_delete/gloss_new/ANISH_GLOSS_TRAIN/CBL_FS3_1004_8.bmp</path>
	<source>
		<database>Unknown</database>
	</source>
	<size>
		<width>2590</width>
		<height>1942</height>
		<depth>3</depth>
	</size>
	<segmented>0</segmented>
	<object>
		<name>scratch</name>
		<pose>Unspecified</pose>
		<truncated>0</truncated>
		<difficult>0</difficult>
		<bndbox>
			<xmin>441</xmin>
			<ymin>1159</ymin>
			<xmax>686</xmax>
			<ymax>1434</ymax>
		</bndbox>
	</object>
	<object>
		<name>scratch</name>
		<pose>Unspecified</pose>
		<truncated>0</truncated>
		<difficult>0</difficult>
		<bndbox>
			<xmin>681</xmin>
			<ymin>1329</ymin>
			<xmax>781</xmax>
			<ymax>1428</ymax>
		</bndbox>
	</object>
	<object>
		<name>scratch</name>
		<pose>Unspecified</pose>
		<truncated>0</truncated>
		<difficult>0</difficult>
		<bndbox>
			<xmin>291</xmin>
			<ymin>1285</ymin>
			<xmax>416</xmax>
			<ymax>1433</ymax>
		</bndbox>
	</object>
	<object>
		<name>dust</name>
		<pose>Unspecified</pose>
		<truncated>0</truncated>
		<difficult>0</difficult>
		<bndbox>
			<xmin>301</xmin>
			<ymin>1085</ymin>
			<xmax>389</xmax>
			<ymax>1167</ymax>
		</bndbox>
	</object>
</annotation>
