<annotation>
	<folder>images</folder>
	<filename>CBL_FQ2_15_49.bmp</filename>
	<path>/media/faurecia/Seagate Backup Plus Drive/Untitled Folder 2/images/CBL_FQ2_15_49.bmp</path>
	<source>
		<database>Unknown</database>
	</source>
	<size>
		<width>2590</width>
		<height>1942</height>
		<depth>3</depth>
	</size>
	<segmented>0</segmented>
	<object>
		<name>dust</name>
		<pose>Unspecified</pose>
		<truncated>0</truncated>
		<difficult>0</difficult>
		<bndbox>
			<xmin>1831</xmin>
			<ymin>1196</ymin>
			<xmax>1905</xmax>
			<ymax>1271</ymax>
		</bndbox>
	</object>
	<object>
		<name>lint</name>
		<pose>Unspecified</pose>
		<truncated>0</truncated>
		<difficult>0</difficult>
		<bndbox>
			<xmin>1875</xmin>
			<ymin>1158</ymin>
			<xmax>1971</xmax>
			<ymax>1224</ymax>
		</bndbox>
	</object>
</annotation>
