<annotation>
	<folder>JAI_GLOSS_TRAIN</folder>
	<filename>CBL_FS3_1020_176.bmp</filename>
	<path>F:\JAI_GLOSS_TRAIN\CBL_FS3_1020_176.bmp</path>
	<source>
		<database>Unknown</database>
	</source>
	<size>
		<width>2590</width>
		<height>1942</height>
		<depth>3</depth>
	</size>
	<segmented>0</segmented>
	<object>
		<name>handling</name>
		<pose>Unspecified</pose>
		<truncated>0</truncated>
		<difficult>0</difficult>
		<bndbox>
			<xmin>865</xmin>
			<ymin>481</ymin>
			<xmax>1030</xmax>
			<ymax>703</ymax>
		</bndbox>
	</object>
	<object>
		<name>handling</name>
		<pose>Unspecified</pose>
		<truncated>0</truncated>
		<difficult>0</difficult>
		<bndbox>
			<xmin>1018</xmin>
			<ymin>750</ymin>
			<xmax>1132</xmax>
			<ymax>852</ymax>
		</bndbox>
	</object>
</annotation>
