<annotation>
	<folder>3376-half</folder>
	<filename>CBL_FQ2_9_147.bmp</filename>
	<path>F:\JAI_GLOSS_TRAIN\3376-half\CBL_FQ2_9_147.bmp</path>
	<source>
		<database>Unknown</database>
	</source>
	<size>
		<width>2590</width>
		<height>1942</height>
		<depth>3</depth>
	</size>
	<segmented>0</segmented>
	<object>
		<name>handling</name>
		<pose>Unspecified</pose>
		<truncated>0</truncated>
		<difficult>0</difficult>
		<bndbox>
			<xmin>687</xmin>
			<ymin>1306</ymin>
			<xmax>783</xmax>
			<ymax>1352</ymax>
		</bndbox>
	</object>
</annotation>
