<annotation>
	<folder>ANISH_GLOSS_TRAIN</folder>
	<filename>CBL_FS3_1012_164.bmp</filename>
	<path>/home/faurecia/FAQT-retinanet/combined_annotated_dont_delete/gloss_new/ANISH_GLOSS_TRAIN/CBL_FS3_1012_164.bmp</path>
	<source>
		<database>Unknown</database>
	</source>
	<size>
		<width>2590</width>
		<height>1942</height>
		<depth>3</depth>
	</size>
	<segmented>0</segmented>
	<object>
		<name>handling</name>
		<pose>Unspecified</pose>
		<truncated>0</truncated>
		<difficult>0</difficult>
		<bndbox>
			<xmin>212</xmin>
			<ymin>1018</ymin>
			<xmax>349</xmax>
			<ymax>1138</ymax>
		</bndbox>
	</object>
	<object>
		<name>handling</name>
		<pose>Unspecified</pose>
		<truncated>0</truncated>
		<difficult>0</difficult>
		<bndbox>
			<xmin>2128</xmin>
			<ymin>1078</ymin>
			<xmax>2284</xmax>
			<ymax>1205</ymax>
		</bndbox>
	</object>
</annotation>
