<annotation>
	<folder>combined_good</folder>
	<filename>CBL_FQ2_12_103.bmp</filename>
	<path>/home/faurecia/FAQT-retinanet/esri_retinanet/val_images/combined/combined_good/CBL_FQ2_12_103.bmp</path>
	<source>
		<database>Unknown</database>
	</source>
	<size>
		<width>2590</width>
		<height>1942</height>
		<depth>3</depth>
	</size>
	<segmented>0</segmented>
	<object>
		<name>handling</name>
		<pose>Unspecified</pose>
		<truncated>0</truncated>
		<difficult>0</difficult>
		<bndbox>
			<xmin>1576</xmin>
			<ymin>1015</ymin>
			<xmax>1855</xmax>
			<ymax>1180</ymax>
		</bndbox>
	</object>
	<object>
		<name>scratch</name>
		<pose>Unspecified</pose>
		<truncated>0</truncated>
		<difficult>0</difficult>
		<bndbox>
			<xmin>1399</xmin>
			<ymin>1038</ymin>
			<xmax>1545</xmax>
			<ymax>1149</ymax>
		</bndbox>
	</object>
	<object>
		<name>handling</name>
		<pose>Unspecified</pose>
		<truncated>0</truncated>
		<difficult>0</difficult>
		<bndbox>
			<xmin>1107</xmin>
			<ymin>963</ymin>
			<xmax>1307</xmax>
			<ymax>1080</ymax>
		</bndbox>
	</object>
</annotation>
