<annotation>
	<folder>prabhanjan</folder>
	<filename>CBR_FS3_8001_48.bmp</filename>
	<path>/media/faurecia/UBUNTU STORAGE/GLOSS_TRAIN_PRABHANJAN/prabhanjan/CBR_FS3_8001_48.bmp</path>
	<source>
		<database>Unknown</database>
	</source>
	<size>
		<width>2590</width>
		<height>1942</height>
		<depth>3</depth>
	</size>
	<segmented>0</segmented>
	<object>
		<name>bubble</name>
		<pose>Unspecified</pose>
		<truncated>0</truncated>
		<difficult>0</difficult>
		<bndbox>
			<xmin>1548</xmin>
			<ymin>682</ymin>
			<xmax>1635</xmax>
			<ymax>771</ymax>
		</bndbox>
	</object>
	<object>
		<name>bubble</name>
		<pose>Unspecified</pose>
		<truncated>0</truncated>
		<difficult>0</difficult>
		<bndbox>
			<xmin>1652</xmin>
			<ymin>684</ymin>
			<xmax>1735</xmax>
			<ymax>763</ymax>
		</bndbox>
	</object>
</annotation>
