<annotation>
	<folder>prabhanjan</folder>
	<filename>CBR_FS3_8001_53.bmp</filename>
	<path>/media/faurecia/UBUNTU STORAGE/GLOSS_TRAIN_PRABHANJAN/prabhanjan/CBR_FS3_8001_53.bmp</path>
	<source>
		<database>Unknown</database>
	</source>
	<size>
		<width>2590</width>
		<height>1942</height>
		<depth>3</depth>
	</size>
	<segmented>0</segmented>
	<object>
		<name>bubble</name>
		<pose>Unspecified</pose>
		<truncated>0</truncated>
		<difficult>0</difficult>
		<bndbox>
			<xmin>195</xmin>
			<ymin>257</ymin>
			<xmax>293</xmax>
			<ymax>350</ymax>
		</bndbox>
	</object>
	<object>
		<name>bubble</name>
		<pose>Unspecified</pose>
		<truncated>0</truncated>
		<difficult>0</difficult>
		<bndbox>
			<xmin>320</xmin>
			<ymin>305</ymin>
			<xmax>403</xmax>
			<ymax>371</ymax>
		</bndbox>
	</object>
</annotation>
