<annotation>
	<folder>prabhanjan</folder>
	<filename>CBR_FS3_8001_52.bmp</filename>
	<path>/media/faurecia/UBUNTU STORAGE/GLOSS_TRAIN_PRABHANJAN/prabhanjan/CBR_FS3_8001_52.bmp</path>
	<source>
		<database>Unknown</database>
	</source>
	<size>
		<width>2590</width>
		<height>1942</height>
		<depth>3</depth>
	</size>
	<segmented>0</segmented>
	<object>
		<name>bubble</name>
		<pose>Unspecified</pose>
		<truncated>0</truncated>
		<difficult>0</difficult>
		<bndbox>
			<xmin>703</xmin>
			<ymin>476</ymin>
			<xmax>801</xmax>
			<ymax>569</ymax>
		</bndbox>
	</object>
	<object>
		<name>bubble</name>
		<pose>Unspecified</pose>
		<truncated>0</truncated>
		<difficult>0</difficult>
		<bndbox>
			<xmin>824</xmin>
			<ymin>506</ymin>
			<xmax>907</xmax>
			<ymax>593</ymax>
		</bndbox>
	</object>
</annotation>
