<annotation>
	<folder>prabhanjan</folder>
	<filename>CCH_28_135.bmp</filename>
	<path>/media/faurecia/UBUNTU STORAGE/GLOSS_TRAIN_PRABHANJAN/prabhanjan/CCH_28_135.bmp</path>
	<source>
		<database>Unknown</database>
	</source>
	<size>
		<width>2590</width>
		<height>1942</height>
		<depth>3</depth>
	</size>
	<segmented>0</segmented>
	<object>
		<name>scratch</name>
		<pose>Unspecified</pose>
		<truncated>0</truncated>
		<difficult>0</difficult>
		<bndbox>
			<xmin>595</xmin>
			<ymin>1535</ymin>
			<xmax>699</xmax>
			<ymax>1644</ymax>
		</bndbox>
	</object>
</annotation>
