<annotation>
	<folder>annotated new</folder>
	<filename>CCH_32_54.bmp</filename>
	<path>/media/faurecia/UBUNTU STORAGE/28Mar2019/new/defected new/annotated new/CCH_32_54.bmp</path>
	<source>
		<database>Unknown</database>
	</source>
	<size>
		<width>2590</width>
		<height>1942</height>
		<depth>3</depth>
	</size>
	<segmented>0</segmented>
	<object>
		<name>scratch</name>
		<pose>Unspecified</pose>
		<truncated>0</truncated>
		<difficult>0</difficult>
		<bndbox>
			<xmin>1554</xmin>
			<ymin>1327</ymin>
			<xmax>1729</xmax>
			<ymax>1429</ymax>
		</bndbox>
	</object>
	<object>
		<name>scratch</name>
		<pose>Unspecified</pose>
		<truncated>0</truncated>
		<difficult>0</difficult>
		<bndbox>
			<xmin>1852</xmin>
			<ymin>1067</ymin>
			<xmax>2258</xmax>
			<ymax>1289</ymax>
		</bndbox>
	</object>
</annotation>
