<annotation>
	<folder>annotated new</folder>
	<filename>CCH_32_55.bmp</filename>
	<path>/media/faurecia/UBUNTU STORAGE/28Mar2019/new/defected new/annotated new/CCH_32_55.bmp</path>
	<source>
		<database>Unknown</database>
	</source>
	<size>
		<width>2590</width>
		<height>1942</height>
		<depth>3</depth>
	</size>
	<segmented>0</segmented>
	<object>
		<name>scratch</name>
		<pose>Unspecified</pose>
		<truncated>0</truncated>
		<difficult>0</difficult>
		<bndbox>
			<xmin>1035</xmin>
			<ymin>1025</ymin>
			<xmax>1478</xmax>
			<ymax>1271</ymax>
		</bndbox>
	</object>
	<object>
		<name>overspray</name>
		<pose>Unspecified</pose>
		<truncated>0</truncated>
		<difficult>0</difficult>
		<bndbox>
			<xmin>1326</xmin>
			<ymin>944</ymin>
			<xmax>1386</xmax>
			<ymax>982</ymax>
		</bndbox>
	</object>
</annotation>
