<annotation>
	<folder>ANISH_GLOSS_TRAIN</folder>
	<filename>CCH_23_42.bmp</filename>
	<path>/home/faurecia/FAQT-retinanet/combined_annotated_dont_delete/gloss_new/ANISH_GLOSS_TRAIN/CCH_23_42.bmp</path>
	<source>
		<database>Unknown</database>
	</source>
	<size>
		<width>2590</width>
		<height>1942</height>
		<depth>3</depth>
	</size>
	<segmented>0</segmented>
	<object>
		<name>handling</name>
		<pose>Unspecified</pose>
		<truncated>0</truncated>
		<difficult>0</difficult>
		<bndbox>
			<xmin>1651</xmin>
			<ymin>1591</ymin>
			<xmax>1793</xmax>
			<ymax>1678</ymax>
		</bndbox>
	</object>
</annotation>
