<annotation>
	<folder>annotated new</folder>
	<filename>CCH_32_52.bmp</filename>
	<path>/media/faurecia/UBUNTU STORAGE/28Mar2019/new/defected new/annotated new/CCH_32_52.bmp</path>
	<source>
		<database>Unknown</database>
	</source>
	<size>
		<width>2590</width>
		<height>1942</height>
		<depth>3</depth>
	</size>
	<segmented>0</segmented>
	<object>
		<name>scratch</name>
		<pose>Unspecified</pose>
		<truncated>0</truncated>
		<difficult>0</difficult>
		<bndbox>
			<xmin>2193</xmin>
			<ymin>925</ymin>
			<xmax>2469</xmax>
			<ymax>1199</ymax>
		</bndbox>
	</object>
	<object>
		<name>scratch</name>
		<pose>Unspecified</pose>
		<truncated>0</truncated>
		<difficult>0</difficult>
		<bndbox>
			<xmin>1950</xmin>
			<ymin>1299</ymin>
			<xmax>2061</xmax>
			<ymax>1386</ymax>
		</bndbox>
	</object>
</annotation>
