<annotation>
	<folder>jaikishan</folder>
	<filename>CCH_33_85.bmp</filename>
	<path>F:\JAI_GLOSS_TRAIN\DAY 2\jaikishan\CCH_33_85.bmp</path>
	<source>
		<database>Unknown</database>
	</source>
	<size>
		<width>2590</width>
		<height>1942</height>
		<depth>3</depth>
	</size>
	<segmented>0</segmented>
	<object>
		<name>lint</name>
		<pose>Unspecified</pose>
		<truncated>0</truncated>
		<difficult>0</difficult>
		<bndbox>
			<xmin>2160</xmin>
			<ymin>1452</ymin>
			<xmax>2327</xmax>
			<ymax>1652</ymax>
		</bndbox>
	</object>
</annotation>
