<annotation>
	<folder>annotated new</folder>
	<filename>CCH_32_53.bmp</filename>
	<path>/media/faurecia/UBUNTU STORAGE/28Mar2019/new/defected new/annotated new/CCH_32_53.bmp</path>
	<source>
		<database>Unknown</database>
	</source>
	<size>
		<width>2590</width>
		<height>1942</height>
		<depth>3</depth>
	</size>
	<segmented>0</segmented>
	<object>
		<name>scratch</name>
		<pose>Unspecified</pose>
		<truncated>0</truncated>
		<difficult>0</difficult>
		<bndbox>
			<xmin>1795</xmin>
			<ymin>1346</ymin>
			<xmax>1954</xmax>
			<ymax>1437</ymax>
		</bndbox>
	</object>
	<object>
		<name>scratch</name>
		<pose>Unspecified</pose>
		<truncated>0</truncated>
		<difficult>0</difficult>
		<bndbox>
			<xmin>2071</xmin>
			<ymin>1008</ymin>
			<xmax>2439</xmax>
			<ymax>1261</ymax>
		</bndbox>
	</object>
</annotation>
