<annotation>
	<folder>annotated new</folder>
	<filename>CCH_17_4.bmp</filename>
	<path>/media/faurecia/UBUNTU STORAGE/28Mar2019/new/defected new/annotated new/CCH_17_4.bmp</path>
	<source>
		<database>Unknown</database>
	</source>
	<size>
		<width>2590</width>
		<height>1942</height>
		<depth>3</depth>
	</size>
	<segmented>0</segmented>
	<object>
		<name>dust</name>
		<pose>Unspecified</pose>
		<truncated>0</truncated>
		<difficult>0</difficult>
		<bndbox>
			<xmin>2199</xmin>
			<ymin>1205</ymin>
			<xmax>2235</xmax>
			<ymax>1244</ymax>
		</bndbox>
	</object>
	<object>
		<name>lint</name>
		<pose>Unspecified</pose>
		<truncated>0</truncated>
		<difficult>0</difficult>
		<bndbox>
			<xmin>2010</xmin>
			<ymin>1284</ymin>
			<xmax>2067</xmax>
			<ymax>1323</ymax>
		</bndbox>
	</object>
</annotation>
