<annotation>
	<folder>annotated new</folder>
	<filename>CCH_17_129.bmp</filename>
	<path>/media/faurecia/UBUNTU STORAGE/28Mar2019/new/defected new/annotated new/CCH_17_129.bmp</path>
	<source>
		<database>Unknown</database>
	</source>
	<size>
		<width>2590</width>
		<height>1942</height>
		<depth>3</depth>
	</size>
	<segmented>0</segmented>
	<object>
		<name>scratch</name>
		<pose>Unspecified</pose>
		<truncated>0</truncated>
		<difficult>0</difficult>
		<bndbox>
			<xmin>1961</xmin>
			<ymin>1369</ymin>
			<xmax>2109</xmax>
			<ymax>1486</ymax>
		</bndbox>
	</object>
	<object>
		<name>scratch</name>
		<pose>Unspecified</pose>
		<truncated>0</truncated>
		<difficult>0</difficult>
		<bndbox>
			<xmin>2110</xmin>
			<ymin>1237</ymin>
			<xmax>2263</xmax>
			<ymax>1359</ymax>
		</bndbox>
	</object>
	<object>
		<name>scratch</name>
		<pose>Unspecified</pose>
		<truncated>0</truncated>
		<difficult>0</difficult>
		<bndbox>
			<xmin>2263</xmin>
			<ymin>1131</ymin>
			<xmax>2382</xmax>
			<ymax>1239</ymax>
		</bndbox>
	</object>
	<object>
		<name>scratch</name>
		<pose>Unspecified</pose>
		<truncated>0</truncated>
		<difficult>0</difficult>
		<bndbox>
			<xmin>2386</xmin>
			<ymin>1050</ymin>
			<xmax>2478</xmax>
			<ymax>1125</ymax>
		</bndbox>
	</object>
</annotation>
