<annotation>
	<folder>prabhanjan</folder>
	<filename>CCH_32_144.bmp</filename>
	<path>/media/faurecia/UBUNTU STORAGE/GLOSS_TRAIN_PRABHANJAN/prabhanjan/CCH_32_144.bmp</path>
	<source>
		<database>Unknown</database>
	</source>
	<size>
		<width>2590</width>
		<height>1942</height>
		<depth>3</depth>
	</size>
	<segmented>0</segmented>
	<object>
		<name>scratch</name>
		<pose>Unspecified</pose>
		<truncated>0</truncated>
		<difficult>0</difficult>
		<bndbox>
			<xmin>1852</xmin>
			<ymin>1522</ymin>
			<xmax>2020</xmax>
			<ymax>1669</ymax>
		</bndbox>
	</object>
	<object>
		<name>scratch</name>
		<pose>Unspecified</pose>
		<truncated>0</truncated>
		<difficult>0</difficult>
		<bndbox>
			<xmin>2035</xmin>
			<ymin>1401</ymin>
			<xmax>2199</xmax>
			<ymax>1535</ymax>
		</bndbox>
	</object>
</annotation>
